<?xml version="1.0" encoding="UTF-8"?>
<model xmlns="http://www.alfresco.org/model/dictionary/1.0" name="custom:customModel">
    <description>Custom Model</description>
    <author/>
    <version>1.0</version>
    <imports>
        <import uri="http://www.alfresco.org/model/dictionary/1.0" prefix="d"/>
        <import uri="http://www.alfresco.org/model/content/1.0" prefix="cm"/>
    </imports>
    <namespaces>
        <namespace uri="custom.model" prefix="custom"/>
    </namespaces>
    <data-types/>
    <constraints/>
    <types/>
    <aspects/>
</model>