<?xml version="1.0" encoding="UTF-8"?>
<model xmlns="http://www.alfresco.org/model/dictionary/1.0" name="dl:datalistmodel">
    <description>Alfresco Share Data List Model</description>
    <author>Mike Hatfield</author>
    <version>0.1</version>
    <imports>
        <import uri="http://www.alfresco.org/model/dictionary/1.0" prefix="d"/>
        <import uri="http://www.alfresco.org/model/content/1.0" prefix="cm"/>
        <import uri="http://www.alfresco.org/model/system/1.0" prefix="sys"/>
    </imports>
    <namespaces>
        <namespace uri="http://www.alfresco.org/model/datalist/1.0" prefix="dl"/>
    </namespaces>
    <data-types/>
    <constraints>
        <constraint name="dl:task_status" type="LIST">
            <parameter name="allowedValues">
                <list>
                    <value>Not Started</value>
                    <value>In Progress</value>
                    <value>Complete</value>
                    <value>On Hold</value>
                </list>
            </parameter>
        </constraint>
        <constraint name="dl:priority_value" type="LIST">
            <parameter name="allowedValues">
                <list>
                    <value>High</value>
                    <value>Normal</value>
                    <value>Low</value>
                </list>
            </parameter>
        </constraint>
        <constraint name="dl:percentage" type="MINMAX">
            <parameter name="minValue">
                <value>0</value>
            </parameter>
            <parameter name="maxValue">
                <value>100</value>
            </parameter>
        </constraint>
    </constraints>
    <types>
        <type name="dl:dataList">
            <title>Data List container type</title>
            <parent>cm:folder</parent>
            <properties>
                <property name="dl:dataListItemType">
                    <title>List Item Type</title>
                    <description>Determines which Data Dictionary type will be used when create new items within the Data List.</description>
                    <type>d:text</type>
                    <mandatory>false</mandatory>
                    <index enabled="true"/>
                </property>
            </properties>
            <associations/>
            <overrides/>
            <mandatory-aspects/>
        </type>
        <type name="dl:dataListItem">
            <title>Data List parent type</title>
            <parent>cm:content</parent>
            <properties/>
            <associations/>
            <overrides/>
            <mandatory-aspects/>
        </type>
        <type name="dl:todoList">
            <title>To Do List</title>
            <parent>dl:dataListItem</parent>
            <properties>
                <property name="dl:todoTitle">
                    <title>Title</title>
                    <type>d:text</type>
                    <mandatory>true</mandatory>
                    <index enabled="true"/>
                </property>
                <property name="dl:todoDueDate">
                    <title>Due Date</title>
                    <type>d:datetime</type>
                    <mandatory>false</mandatory>
                    <index enabled="true"/>
                </property>
                <property name="dl:todoPriority">
                    <title>Priority</title>
                    <type>d:int</type>
                    <mandatory>false</mandatory>
                    <index enabled="true"/>
                </property>
                <property name="dl:todoStatus">
                    <title>Status</title>
                    <type>d:text</type>
                    <mandatory>false</mandatory>
                    <default>Not Started</default>
                    <index enabled="true"/>
                    <constraints>
                        <constraint name="dl:datalistmodel_todoList_todoStatus_anon_0" ref="dl:task_status"/>
                    </constraints>
                </property>
                <property name="dl:todoNotes">
                    <title>Notes</title>
                    <type>d:text</type>
                    <mandatory>false</mandatory>
                    <index enabled="true"/>
                </property>
            </properties>
            <associations>
                <association name="dl:assignee">
                    <title>Assignee</title>
                    <source>
                        <mandatory>false</mandatory>
                        <many>true</many>
                    </source>
                    <target>
                        <class>cm:person</class>
                        <mandatory enforced="false">false</mandatory>
                        <many>false</many>
                    </target>
                </association>
                <association name="dl:attachments">
                    <title>Attachments</title>
                    <source>
                        <mandatory>false</mandatory>
                        <many>true</many>
                    </source>
                    <target>
                        <class>cm:cmobject</class>
                        <mandatory enforced="false">false</mandatory>
                        <many>true</many>
                    </target>
                </association>
            </associations>
            <overrides/>
            <mandatory-aspects/>
        </type>
        <type name="dl:simpletask">
            <title>Task List (Simple)</title>
            <parent>dl:dataListItem</parent>
            <properties>
                <property name="dl:simpletaskDueDate">
                    <title>Due Date</title>
                    <type>d:date</type>
                    <mandatory>false</mandatory>
                    <index enabled="true"/>
                </property>
                <property name="dl:simpletaskPriority">
                    <title>Priority</title>
                    <type>d:text</type>
                    <mandatory>false</mandatory>
                    <default>Normal</default>
                    <index enabled="true"/>
                    <constraints>
                        <constraint name="dl:datalistmodel_simpletask_simpletaskPriority_anon_0" ref="dl:priority_value"/>
                    </constraints>
                </property>
                <property name="dl:simpletaskStatus">
                    <title>Status</title>
                    <type>d:text</type>
                    <mandatory>false</mandatory>
                    <default>Not Started</default>
                    <index enabled="true"/>
                    <constraints>
                        <constraint name="dl:datalistmodel_simpletask_simpletaskStatus_anon_0" ref="dl:task_status"/>
                    </constraints>
                </property>
                <property name="dl:simpletaskComments">
                    <title>Comments</title>
                    <type>d:text</type>
                    <mandatory>false</mandatory>
                    <index enabled="true"/>
                </property>
            </properties>
            <associations/>
            <overrides/>
            <mandatory-aspects>
                <aspect>cm:titled</aspect>
            </mandatory-aspects>
        </type>
        <type name="dl:task">
            <title>Task List (Advanced)</title>
            <parent>dl:dataListItem</parent>
            <properties>
                <property name="dl:taskPriority">
                    <title>Priority</title>
                    <type>d:text</type>
                    <mandatory>false</mandatory>
                    <default>Normal</default>
                    <index enabled="true"/>
                    <constraints>
                        <constraint name="dl:datalistmodel_task_taskPriority_anon_0" ref="dl:priority_value"/>
                    </constraints>
                </property>
                <property name="dl:taskStatus">
                    <title>Status</title>
                    <type>d:text</type>
                    <mandatory>false</mandatory>
                    <default>Not Started</default>
                    <index enabled="true"/>
                    <constraints>
                        <constraint name="dl:datalistmodel_task_taskStatus_anon_0" ref="dl:task_status"/>
                    </constraints>
                </property>
                <property name="dl:taskComments">
                    <title>Comments</title>
                    <type>d:text</type>
                    <mandatory>false</mandatory>
                    <index enabled="true"/>
                </property>
            </properties>
            <associations>
                <association name="dl:taskAssignee">
                    <title>Assignee</title>
                    <source>
                        <mandatory>false</mandatory>
                        <many>true</many>
                    </source>
                    <target>
                        <class>cm:person</class>
                        <mandatory enforced="false">false</mandatory>
                        <many>true</many>
                    </target>
                </association>
            </associations>
            <overrides/>
            <mandatory-aspects>
                <aspect>cm:titled</aspect>
                <aspect>cm:attachable</aspect>
                <aspect>dl:gantt</aspect>
            </mandatory-aspects>
        </type>
        <type name="dl:contact">
            <title>Contacts List</title>
            <parent>dl:dataListItem</parent>
            <properties>
                <property name="dl:contactFirstName">
                    <title>First Name</title>
                    <type>d:text</type>
                    <mandatory>false</mandatory>
                    <index enabled="true"/>
                </property>
                <property name="dl:contactLastName">
                    <title>Last Name</title>
                    <type>d:text</type>
                    <mandatory>false</mandatory>
                    <index enabled="true"/>
                </property>
                <property name="dl:contactEmail">
                    <title>Email Address</title>
                    <type>d:text</type>
                    <mandatory>false</mandatory>
                    <index enabled="true"/>
                </property>
                <property name="dl:contactCompany">
                    <title>Company</title>
                    <type>d:text</type>
                    <mandatory>false</mandatory>
                    <index enabled="true"/>
                </property>
                <property name="dl:contactJobTitle">
                    <title>Job Title</title>
                    <type>d:text</type>
                    <mandatory>false</mandatory>
                    <index enabled="true"/>
                </property>
                <property name="dl:contactPhoneOffice">
                    <title>Phone (Office)</title>
                    <type>d:text</type>
                    <mandatory>false</mandatory>
                    <index enabled="true"/>
                </property>
                <property name="dl:contactPhoneMobile">
                    <title>Phone (Mobile)</title>
                    <type>d:text</type>
                    <mandatory>false</mandatory>
                    <index enabled="true"/>
                </property>
                <property name="dl:contactNotes">
                    <title>Notes</title>
                    <type>d:text</type>
                    <mandatory>false</mandatory>
                    <index enabled="true"/>
                </property>
            </properties>
            <associations/>
            <overrides/>
            <mandatory-aspects/>
        </type>
        <type name="dl:issue">
            <title>Issues List</title>
            <parent>dl:dataListItem</parent>
            <properties>
                <property name="dl:issueID">
                    <title>Issue ID</title>
                    <type>d:text</type>
                    <mandatory>false</mandatory>
                    <index enabled="true"/>
                </property>
                <property name="dl:issueStatus">
                    <title>Status</title>
                    <type>d:text</type>
                    <mandatory>false</mandatory>
                    <default>Not Started</default>
                    <index enabled="true"/>
                    <constraints>
                        <constraint name="dl:datalistmodel_issue_issueStatus_anon_0" ref="dl:task_status"/>
                    </constraints>
                </property>
                <property name="dl:issuePriority">
                    <title>Priority</title>
                    <type>d:text</type>
                    <mandatory>false</mandatory>
                    <default>Normal</default>
                    <index enabled="true"/>
                    <constraints>
                        <constraint name="dl:datalistmodel_issue_issuePriority_anon_0" ref="dl:priority_value"/>
                    </constraints>
                </property>
                <property name="dl:issueDueDate">
                    <title>Due Date</title>
                    <type>d:date</type>
                    <mandatory>false</mandatory>
                    <index enabled="true"/>
                </property>
                <property name="dl:issueComments">
                    <title>Comments</title>
                    <type>d:text</type>
                    <mandatory>false</mandatory>
                    <index enabled="true"/>
                </property>
            </properties>
            <associations>
                <association name="dl:issueAssignedTo">
                    <title>Assigned To</title>
                    <source>
                        <mandatory>false</mandatory>
                        <many>true</many>
                    </source>
                    <target>
                        <class>cm:person</class>
                        <mandatory enforced="false">false</mandatory>
                        <many>true</many>
                    </target>
                </association>
            </associations>
            <overrides/>
            <mandatory-aspects>
                <aspect>cm:titled</aspect>
                <aspect>cm:attachable</aspect>
            </mandatory-aspects>
        </type>
        <type name="dl:event">
            <title>Event</title>
            <parent>dl:dataListItem</parent>
            <properties>
                <property name="dl:eventLocation">
                    <title>Location</title>
                    <type>d:text</type>
                    <mandatory>false</mandatory>
                    <index enabled="true"/>
                </property>
                <property name="dl:eventNote">
                    <title>Notes</title>
                    <type>d:text</type>
                    <mandatory>false</mandatory>
                    <index enabled="true"/>
                </property>
                <property name="dl:eventStartDate">
                    <title>Start Date</title>
                    <type>d:datetime</type>
                    <mandatory>false</mandatory>
                    <index enabled="true"/>
                </property>
                <property name="dl:eventEndDate">
                    <title>End Date</title>
                    <type>d:datetime</type>
                    <mandatory>false</mandatory>
                    <index enabled="true"/>
                </property>
                <property name="dl:eventRegistrations">
                    <title>Registrations</title>
                    <type>d:text</type>
                    <mandatory>false</mandatory>
                    <index enabled="true"/>
                </property>
            </properties>
            <associations/>
            <overrides/>
            <mandatory-aspects>
                <aspect>cm:titled</aspect>
                <aspect>cm:attachable</aspect>
            </mandatory-aspects>
        </type>
        <type name="dl:location">
            <title>Location</title>
            <parent>dl:dataListItem</parent>
            <properties>
                <property name="dl:locationAddress1">
                    <title>Address 1</title>
                    <type>d:text</type>
                    <mandatory>false</mandatory>
                    <index enabled="true"/>
                </property>
                <property name="dl:locationAddress2">
                    <title>Address 2</title>
                    <type>d:text</type>
                    <mandatory>false</mandatory>
                    <index enabled="true"/>
                </property>
                <property name="dl:locationAddress3">
                    <title>Address 3</title>
                    <type>d:text</type>
                    <mandatory>false</mandatory>
                    <index enabled="true"/>
                </property>
                <property name="dl:locationZip">
                    <title>Zip/Post Code</title>
                    <type>d:text</type>
                    <mandatory>false</mandatory>
                    <index enabled="true"/>
                </property>
                <property name="dl:locationState">
                    <title>State/County</title>
                    <type>d:text</type>
                    <mandatory>false</mandatory>
                    <index enabled="true"/>
                </property>
                <property name="dl:locationCountry">
                    <title>Country</title>
                    <type>d:text</type>
                    <mandatory>false</mandatory>
                    <index enabled="true"/>
                </property>
            </properties>
            <associations/>
            <overrides/>
            <mandatory-aspects>
                <aspect>cm:titled</aspect>
                <aspect>cm:attachable</aspect>
            </mandatory-aspects>
        </type>
        <type name="dl:meetingAgenda">
            <title>Meeting Agenda</title>
            <parent>dl:dataListItem</parent>
            <properties>
                <property name="dl:meetingAgendaRef">
                    <title>Reference</title>
                    <type>d:text</type>
                    <mandatory>false</mandatory>
                    <index enabled="true"/>
                </property>
                <property name="dl:meetingAgendaTime">
                    <title>Time (Mins)</title>
                    <type>d:text</type>
                    <mandatory>false</mandatory>
                    <index enabled="true"/>
                </property>
                <property name="dl:meetingAgendaOwner">
                    <title>Owner</title>
                    <type>d:text</type>
                    <mandatory>false</mandatory>
                    <index enabled="true"/>
                </property>
            </properties>
            <associations/>
            <overrides/>
            <mandatory-aspects>
                <aspect>cm:titled</aspect>
                <aspect>cm:attachable</aspect>
            </mandatory-aspects>
        </type>
        <type name="dl:eventAgenda">
            <title>Event Agenda</title>
            <parent>dl:dataListItem</parent>
            <properties>
                <property name="dl:eventAgendaRef">
                    <title>Reference</title>
                    <type>d:text</type>
                    <mandatory>false</mandatory>
                    <index enabled="true"/>
                </property>
                <property name="dl:eventAgendaStartTime">
                    <title>Start Time</title>
                    <type>d:text</type>
                    <mandatory>false</mandatory>
                    <index enabled="true"/>
                </property>
                <property name="dl:eventAgendaEndTime">
                    <title>End Timie</title>
                    <type>d:text</type>
                    <mandatory>false</mandatory>
                    <index enabled="true"/>
                </property>
                <property name="dl:eventAgendaSessionName">
                    <title>Session Name</title>
                    <type>d:text</type>
                    <mandatory>false</mandatory>
                    <index enabled="true"/>
                </property>
                <property name="dl:eventAgendaPresenter">
                    <title>Presenter</title>
                    <type>d:text</type>
                    <mandatory>false</mandatory>
                    <index enabled="true"/>
                </property>
                <property name="dl:eventAgendaAudience">
                    <title>Audience</title>
                    <type>d:text</type>
                    <mandatory>false</mandatory>
                    <index enabled="true"/>
                </property>
                <property name="dl:eventAgendaNotes">
                    <title>Notes</title>
                    <type>d:text</type>
                    <mandatory>false</mandatory>
                    <index enabled="true"/>
                </property>
            </properties>
            <associations/>
            <overrides/>
            <mandatory-aspects>
                <aspect>cm:attachable</aspect>
            </mandatory-aspects>
        </type>
    </types>
    <aspects>
        <aspect name="dl:gantt">
            <title>Gantt</title>
            <properties>
                <property name="dl:ganttStartDate">
                    <title>Start Date</title>
                    <type>d:date</type>
                    <mandatory>false</mandatory>
                    <index enabled="true"/>
                </property>
                <property name="dl:ganttEndDate">
                    <title>End Date</title>
                    <type>d:date</type>
                    <mandatory>false</mandatory>
                    <index enabled="true"/>
                </property>
                <property name="dl:ganttPercentComplete">
                    <title>% Complete</title>
                    <type>d:int</type>
                    <mandatory>true</mandatory>
                    <default>0</default>
                    <index enabled="true"/>
                    <constraints>
                        <constraint name="dl:datalistmodel_gantt_ganttPercentComplete_anon_0" ref="dl:percentage"/>
                    </constraints>
                </property>
            </properties>
            <associations/>
            <overrides/>
            <mandatory-aspects/>
        </aspect>
    </aspects>
</model>