<?xml version="1.0" encoding="UTF-8"?>
<model xmlns="http://www.alfresco.org/model/dictionary/1.0" name="facebook:publishingmodel">
    <description>Alfresco Facebook Publishing Content Model</description>
    <author>Alfresco</author>
    <published>2011-06-15</published>
    <version>1.0</version>
    <imports>
        <import uri="http://www.alfresco.org/model/dictionary/1.0" prefix="d"/>
        <import uri="http://www.alfresco.org/model/system/1.0" prefix="sys"/>
        <import uri="http://www.alfresco.org/model/content/1.0" prefix="cm"/>
        <import uri="http://www.alfresco.org/model/publishing/1.0" prefix="pub"/>
    </imports>
    <namespaces>
        <namespace uri="http://www.alfresco.org/model/publishing/facebook/1.0" prefix="facebook"/>
    </namespaces>
    <data-types/>
    <constraints/>
    <types>
        <type name="facebook:DeliveryChannel">
            <title>Facebook Delivery Channel</title>
            <description>Node type used to represent Facebook delivery channels</description>
            <parent>pub:DeliveryChannel</parent>
            <properties/>
            <associations/>
            <overrides/>
            <mandatory-aspects>
                <aspect>facebook:DeliveryChannelAspect</aspect>
            </mandatory-aspects>
        </type>
    </types>
    <aspects>
        <aspect name="facebook:DeliveryChannelAspect">
            <title>Facebook Delivery Channel Aspect</title>
            <description>Applied to a node that represents a Facebook delivery channel</description>
            <parent>pub:OAuth2DeliveryChannelAspect</parent>
            <properties/>
            <associations/>
            <overrides/>
            <mandatory-aspects/>
        </aspect>
    </aspects>
</model>