<?xml version="1.0" encoding="UTF-8"?>
<model xmlns="http://www.alfresco.org/model/dictionary/1.0" name="flickr:publishingmodel">
    <description>Alfresco Flickr Publishing Content Model</description>
    <author>Alfresco</author>
    <published>2011-07-13</published>
    <version>1.0</version>
    <imports>
        <import uri="http://www.alfresco.org/model/dictionary/1.0" prefix="d"/>
        <import uri="http://www.alfresco.org/model/system/1.0" prefix="sys"/>
        <import uri="http://www.alfresco.org/model/content/1.0" prefix="cm"/>
        <import uri="http://www.alfresco.org/model/publishing/1.0" prefix="pub"/>
    </imports>
    <namespaces>
        <namespace uri="http://www.alfresco.org/model/publishing/flickr/1.0" prefix="flickr"/>
    </namespaces>
    <data-types/>
    <constraints/>
    <types>
        <type name="flickr:DeliveryChannel">
            <title>Flickr Delivery Channel</title>
            <description>Node type used to represent Flickr delivery channels</description>
            <parent>pub:DeliveryChannel</parent>
            <properties/>
            <associations/>
            <overrides/>
            <mandatory-aspects>
                <aspect>pub:OAuth1DeliveryChannelAspect</aspect>
            </mandatory-aspects>
        </type>
    </types>
    <aspects>
        <aspect name="flickr:AssetAspect">
            <title>Flickr Asset</title>
            <description>Applied to a node that has been published to Flickr</description>
            <parent>pub:AssetAspect</parent>
            <properties/>
            <associations/>
            <overrides/>
            <mandatory-aspects/>
        </aspect>
    </aspects>
</model>