<?xml version="1.0" encoding="UTF-8"?>
<model xmlns="http://www.alfresco.org/model/dictionary/1.0" name="fm:forummodel">
    <description>Forum Model</description>
    <author/>
    <version>1.0</version>
    <imports>
        <import uri="http://www.alfresco.org/model/dictionary/1.0" prefix="d"/>
        <import uri="http://www.alfresco.org/model/content/1.0" prefix="cm"/>
    </imports>
    <namespaces>
        <namespace uri="http://www.alfresco.org/model/forum/1.0" prefix="fm"/>
    </namespaces>
    <data-types/>
    <constraints/>
    <types>
        <type name="fm:forums">
            <parent>cm:folder</parent>
            <properties/>
            <associations/>
            <overrides/>
            <mandatory-aspects/>
        </type>
        <type name="fm:forum">
            <parent>cm:folder</parent>
            <properties/>
            <associations/>
            <overrides/>
            <mandatory-aspects/>
        </type>
        <type name="fm:topic">
            <parent>cm:folder</parent>
            <properties/>
            <associations/>
            <overrides/>
            <mandatory-aspects/>
        </type>
        <type name="fm:post">
            <parent>cm:content</parent>
            <archive>false</archive>
            <properties/>
            <associations/>
            <overrides/>
            <mandatory-aspects/>
        </type>
    </types>
    <aspects>
        <aspect name="fm:discussable">
            <properties/>
            <associations>
                <child-association name="fm:discussion">
                    <source>
                        <mandatory>false</mandatory>
                        <many>false</many>
                    </source>
                    <target>
                        <class>fm:forum</class>
                        <mandatory enforced="true">true</mandatory>
                        <many>false</many>
                    </target>
                    <duplicate>false</duplicate>
                </child-association>
            </associations>
            <overrides/>
            <mandatory-aspects/>
        </aspect>
        <aspect name="fm:commentsRollup">
            <properties>
                <property name="fm:commentCount">
                    <title>Comment count rollup for this node</title>
                    <type>d:int</type>
                    <mandatory>false</mandatory>
                    <index enabled="true">
                        <atomic>true</atomic>
                        <stored>true</stored>
                        <tokenised>FALSE</tokenised>
                    </index>
                </property>
            </properties>
            <associations/>
            <overrides/>
            <mandatory-aspects/>
        </aspect>
    </aspects>
</model>