<?xml version="1.0" encoding="UTF-8"?>
<model xmlns="http://www.alfresco.org/model/dictionary/1.0" name="imwf:invitation-moderated-workflow-model">
    <imports>
        <import uri="http://www.alfresco.org/model/dictionary/1.0" prefix="d"/>
        <import uri="http://www.alfresco.org/model/bpm/1.0" prefix="bpm"/>
        <import uri="http://www.alfresco.org/model/workflow/1.0" prefix="wf"/>
        <import uri="http://www.alfresco.org/model/content/1.0" prefix="cm"/>
    </imports>
    <namespaces>
        <namespace uri="http://www.alfresco.org/model/workflow/invite/moderated/1.0" prefix="imwf"/>
    </namespaces>
    <data-types/>
    <constraints/>
    <types>
        <type name="imwf:moderatedInvitationSubmitTask">
            <parent>bpm:startTask</parent>
            <properties/>
            <associations/>
            <overrides/>
            <mandatory-aspects>
                <aspect>bpm:groupAssignee</aspect>
                <aspect>imwf:moderatedInvitationStats</aspect>
            </mandatory-aspects>
        </type>
        <type name="imwf:moderatedInvitationReviewTask">
            <parent>bpm:workflowTask</parent>
            <properties/>
            <associations/>
            <overrides/>
            <mandatory-aspects>
                <aspect>bpm:groupAssignee</aspect>
                <aspect>cm:ownable</aspect>
                <aspect>imwf:moderatedInvitationStats</aspect>
            </mandatory-aspects>
        </type>
        <type name="imwf:activitiModeratedInvitationReviewTask">
            <parent>bpm:activitiOutcomeTask</parent>
            <properties>
                <property name="imwf:reviewOutcome">
                    <type>d:text</type>
                    <mandatory>false</mandatory>
                    <index enabled="true"/>
                    <constraints>
                        <constraint name="imwf:reviewOutcomeOptions" type="LIST">
                            <parameter name="allowedValues">
                                <list>
                                    <value>approve</value>
                                    <value>reject</value>
                                </list>
                            </parameter>
                        </constraint>
                    </constraints>
                </property>
            </properties>
            <associations/>
            <overrides>
                <property name="bpm:outcomePropertyName">
                    <mandatory/>
                    <default>{http://www.alfresco.org/model/workflow/invite/moderated/1.0}reviewOutcome</default>
                    <constraints/>
                </property>
            </overrides>
            <mandatory-aspects>
                <aspect>bpm:groupAssignee</aspect>
                <aspect>cm:ownable</aspect>
                <aspect>imwf:moderatedInvitationStats</aspect>
            </mandatory-aspects>
        </type>
    </types>
    <aspects>
        <aspect name="imwf:moderatedInvitationStats">
            <properties>
                <property name="imwf:inviteeUserName">
                    <type>d:text</type>
                    <mandatory>false</mandatory>
                    <index enabled="true"/>
                </property>
                <property name="imwf:resourceType">
                    <type>d:text</type>
                    <mandatory>false</mandatory>
                    <default>WEB_SITE</default>
                    <index enabled="true"/>
                </property>
                <property name="imwf:resourceName">
                    <type>d:text</type>
                    <mandatory>false</mandatory>
                    <index enabled="true"/>
                </property>
                <property name="imwf:inviteeRole">
                    <type>d:text</type>
                    <mandatory>false</mandatory>
                    <index enabled="true"/>
                </property>
                <property name="imwf:inviteeComments">
                    <type>d:text</type>
                    <mandatory>false</mandatory>
                    <index enabled="true"/>
                </property>
                <property name="imwf:reviewComments">
                    <type>d:text</type>
                    <mandatory>false</mandatory>
                    <index enabled="true"/>
                </property>
                <property name="imwf:modifiedAt">
                    <type>d:date</type>
                    <mandatory>false</mandatory>
                    <index enabled="true"/>
                </property>
            </properties>
            <associations/>
            <overrides/>
            <mandatory-aspects/>
        </aspect>
    </aspects>
</model>