<?xml version="1.0" encoding="UTF-8"?>
<model xmlns="http://www.alfresco.org/model/dictionary/1.0" name="lnk:linksmodel">
    <description>Links Model</description>
    <author/>
    <version>1.0</version>
    <imports>
        <import uri="http://www.alfresco.org/model/dictionary/1.0" prefix="d"/>
        <import uri="http://www.alfresco.org/model/content/1.0" prefix="cm"/>
    </imports>
    <namespaces>
        <namespace uri="http://www.alfresco.org/model/linksmodel/1.0" prefix="lnk"/>
    </namespaces>
    <data-types/>
    <constraints/>
    <types>
        <type name="lnk:link">
            <parent>cm:content</parent>
            <properties>
                <property name="lnk:title">
                    <title>Link Title</title>
                    <type>d:text</type>
                    <mandatory>false</mandatory>
                    <index enabled="true"/>
                </property>
                <property name="lnk:url">
                    <title>Link URL</title>
                    <type>d:text</type>
                    <mandatory>false</mandatory>
                    <index enabled="true"/>
                </property>
                <property name="lnk:description">
                    <title>Link Description</title>
                    <type>d:text</type>
                    <mandatory>false</mandatory>
                    <index enabled="true"/>
                </property>
            </properties>
            <associations/>
            <overrides/>
            <mandatory-aspects/>
        </type>
    </types>
    <aspects>
        <aspect name="lnk:internal">
            <title>Internal Link</title>
            <properties>
                <property name="lnk:isInternal">
                    <title>Is Internal</title>
                    <type>d:text</type>
                    <mandatory>true</mandatory>
                    <index enabled="true"/>
                </property>
            </properties>
            <associations/>
            <overrides/>
            <mandatory-aspects/>
        </aspect>
    </aspects>
</model>