<?xml version="1.0" encoding="UTF-8"?>
<model xmlns="http://www.alfresco.org/model/dictionary/1.0" name="ver2:versionmodel">
    <description>Alfresco Version2 Store Model</description>
    <author>Alfresco</author>
    <published>2010-04-29</published>
    <version>2.1</version>
    <imports>
        <import uri="http://www.alfresco.org/model/dictionary/1.0" prefix="d"/>
        <import uri="http://www.alfresco.org/model/system/1.0" prefix="sys"/>
        <import uri="http://www.alfresco.org/model/content/1.0" prefix="cm"/>
    </imports>
    <namespaces>
        <namespace uri="http://www.alfresco.org/model/versionstore/2.0" prefix="ver2"/>
    </namespaces>
    <data-types/>
    <constraints/>
    <types>
        <type name="ver2:versionHistory">
            <parent>cm:cmobject</parent>
            <properties>
                <property name="ver2:versionedNodeId">
                    <type>d:text</type>
                    <mandatory>false</mandatory>
                    <index enabled="true"/>
                </property>
            </properties>
            <associations>
                <child-association name="ver2:version">
                    <source/>
                    <target>
                        <class>sys:base</class>
                        <mandatory enforced="false">false</mandatory>
                    </target>
                </child-association>
                <association name="ver2:rootVersion">
                    <source/>
                    <target>
                        <class>sys:base</class>
                        <mandatory enforced="false">false</mandatory>
                    </target>
                </association>
            </associations>
            <overrides/>
            <mandatory-aspects/>
        </type>
        <type name="ver2:versionedAssoc">
            <parent>sys:reference</parent>
            <properties>
                <property name="ver2:assocDbId">
                    <type>d:long</type>
                    <mandatory>false</mandatory>
                    <index enabled="true"/>
                </property>
                <property name="ver2:targetVersionRef">
                    <type>d:noderef</type>
                    <mandatory>false</mandatory>
                    <index enabled="true"/>
                </property>
            </properties>
            <associations/>
            <overrides/>
            <mandatory-aspects/>
        </type>
    </types>
    <aspects>
        <aspect name="ver2:versionStoreRoot">
            <title>Version Store Root</title>
            <properties/>
            <associations>
                <child-association name="ver2:versionHistory">
                    <source>
                        <mandatory>false</mandatory>
                        <many>true</many>
                    </source>
                    <target>
                        <class>ver2:versionHistory</class>
                        <mandatory enforced="false">false</mandatory>
                        <many>true</many>
                    </target>
                    <duplicate>false</duplicate>
                </child-association>
            </associations>
            <overrides/>
            <mandatory-aspects/>
        </aspect>
        <aspect name="ver2:version">
            <title>Version</title>
            <properties>
                <property name="ver2:versionNumber">
                    <type>d:int</type>
                    <mandatory>false</mandatory>
                    <index enabled="true"/>
                </property>
                <property name="ver2:versionLabel">
                    <type>d:text</type>
                    <mandatory>false</mandatory>
                    <index enabled="true"/>
                </property>
                <property name="ver2:description">
                    <type>d:text</type>
                    <mandatory>false</mandatory>
                    <index enabled="true"/>
                </property>
                <property name="ver2:frozenNodeType">
                    <type>d:qname</type>
                    <mandatory>false</mandatory>
                    <index enabled="true"/>
                </property>
                <property name="ver2:frozenAspects">
                    <type>d:qname</type>
                    <mandatory>false</mandatory>
                    <multiple>true</multiple>
                    <index enabled="true"/>
                </property>
                <property name="ver2:frozenNodeStoreProtocol">
                    <type>d:text</type>
                    <mandatory enforced="true">true</mandatory>
                    <index enabled="true"/>
                </property>
                <property name="ver2:frozenNodeStoreId">
                    <type>d:text</type>
                    <mandatory enforced="true">true</mandatory>
                    <index enabled="true"/>
                </property>
                <property name="ver2:frozenNodeId">
                    <type>d:text</type>
                    <mandatory enforced="true">true</mandatory>
                    <index enabled="true"/>
                </property>
                <property name="ver2:frozenNodeDbId">
                    <type>d:long</type>
                    <mandatory enforced="true">true</mandatory>
                    <index enabled="true"/>
                </property>
                <property name="ver2:frozenCreated">
                    <title>Created</title>
                    <type>d:datetime</type>
                    <protected>true</protected>
                    <mandatory>false</mandatory>
                    <index enabled="true">
                        <atomic>true</atomic>
                        <stored>false</stored>
                        <tokenised>BOTH</tokenised>
                    </index>
                </property>
                <property name="ver2:frozenCreator">
                    <title>Creator</title>
                    <type>d:text</type>
                    <protected>true</protected>
                    <mandatory>false</mandatory>
                    <index enabled="true"/>
                </property>
                <property name="ver2:frozenModified">
                    <title>Modified</title>
                    <type>d:datetime</type>
                    <protected>true</protected>
                    <mandatory>false</mandatory>
                    <index enabled="true">
                        <atomic>true</atomic>
                        <stored>false</stored>
                        <tokenised>BOTH</tokenised>
                    </index>
                </property>
                <property name="ver2:frozenModifier">
                    <title>Modifier</title>
                    <type>d:text</type>
                    <protected>true</protected>
                    <mandatory>false</mandatory>
                    <index enabled="true"/>
                </property>
                <property name="ver2:frozenAccessed">
                    <title>Accessed</title>
                    <type>d:datetime</type>
                    <protected>true</protected>
                    <mandatory>false</mandatory>
                    <index enabled="true">
                        <atomic>true</atomic>
                        <stored>false</stored>
                        <tokenised>BOTH</tokenised>
                    </index>
                </property>
            </properties>
            <associations>
                <child-association name="ver2:versionedAssocs">
                    <source/>
                    <target>
                        <class>ver2:versionedAssoc</class>
                        <mandatory enforced="false">false</mandatory>
                    </target>
                </child-association>
            </associations>
            <overrides/>
            <mandatory-aspects/>
        </aspect>
    </aspects>
</model>