<?xml version="1.0" encoding="UTF-8"?>
<model xmlns="http://www.alfresco.org/model/dictionary/1.0" name="wcmwf:workflowmodel">
    <imports>
        <import uri="http://www.alfresco.org/model/dictionary/1.0" prefix="d"/>
        <import uri="http://www.alfresco.org/model/bpm/1.0" prefix="bpm"/>
        <import uri="http://www.alfresco.org/model/wcmappmodel/1.0" prefix="wca"/>
    </imports>
    <namespaces>
        <namespace uri="http://www.alfresco.org/model/wcmworkflow/1.0" prefix="wcmwf"/>
    </namespaces>
    <data-types/>
    <constraints>
        <constraint name="wcmwf:reviewType" type="LIST">
            <parameter name="allowedValues">
                <list>
                    <value>Serial</value>
                    <value>Parallel</value>
                </list>
            </parameter>
        </constraint>
    </constraints>
    <types>
        <type name="wcmwf:startTask">
            <parent>bpm:startTask</parent>
            <properties/>
            <associations/>
            <overrides>
                <property name="bpm:packageItemActionGroup">
                    <mandatory/>
                    <default>edit_and_remove_wcm_package_item_actions</default>
                    <constraints/>
                </property>
            </overrides>
            <mandatory-aspects/>
        </type>
        <type name="wcmwf:workflowTask">
            <parent>bpm:workflowTask</parent>
            <properties/>
            <associations/>
            <overrides>
                <property name="bpm:packageItemActionGroup">
                    <mandatory/>
                    <default>read_wcm_package_item_actions</default>
                    <constraints/>
                </property>
            </overrides>
            <mandatory-aspects/>
        </type>
        <type name="wcmwf:submitReviewTask">
            <parent>wcmwf:startTask</parent>
            <properties>
                <property name="wcmwf:submitReviewType">
                    <title>Serial or Parallel Review</title>
                    <type>d:text</type>
                    <mandatory>true</mandatory>
                    <default>Serial</default>
                    <index enabled="true"/>
                    <constraints>
                        <constraint name="wcmwf:workflowmodel_submitReviewTask_submitReviewType_anon_0" ref="wcmwf:reviewType"/>
                    </constraints>
                </property>
            </properties>
            <associations/>
            <overrides/>
            <mandatory-aspects>
                <aspect>bpm:assignees</aspect>
                <aspect>wcmwf:webproject</aspect>
                <aspect>wcmwf:submission</aspect>
            </mandatory-aspects>
        </type>
        <type name="wcmwf:submitDirectTask">
            <parent>wcmwf:startTask</parent>
            <properties/>
            <associations/>
            <overrides/>
            <mandatory-aspects>
                <aspect>wcmwf:webproject</aspect>
                <aspect>wcmwf:submission</aspect>
            </mandatory-aspects>
        </type>
        <type name="wcmwf:verifyBrokenLinksTask">
            <parent>wcmwf:workflowTask</parent>
            <properties/>
            <associations/>
            <overrides/>
            <mandatory-aspects>
                <aspect>bpm:assignees</aspect>
                <aspect>wcmwf:submission</aspect>
            </mandatory-aspects>
        </type>
        <type name="wcmwf:reviewTask">
            <parent>wcmwf:workflowTask</parent>
            <properties/>
            <associations/>
            <overrides>
                <property name="bpm:packageItemActionGroup">
                    <mandatory/>
                    <default>edit_wcm_package_item_actions</default>
                    <constraints/>
                </property>
            </overrides>
            <mandatory-aspects>
                <aspect>bpm:assignees</aspect>
                <aspect>wcmwf:submission</aspect>
                <aspect>wcmwf:reviewType</aspect>
            </mandatory-aspects>
        </type>
        <type name="wcmwf:parallelReviewTask">
            <parent>wcmwf:workflowTask</parent>
            <properties/>
            <associations/>
            <overrides>
                <property name="bpm:packageItemActionGroup">
                    <mandatory/>
                    <default>review_wcm_package_item_actions</default>
                    <constraints/>
                </property>
            </overrides>
            <mandatory-aspects>
                <aspect>bpm:assignees</aspect>
                <aspect>wcmwf:submission</aspect>
                <aspect>wcmwf:reviewType</aspect>
            </mandatory-aspects>
        </type>
        <type name="wcmwf:rejectedTask">
            <parent>wcmwf:workflowTask</parent>
            <properties/>
            <associations/>
            <overrides>
                <property name="bpm:packageItemActionGroup">
                    <mandatory/>
                    <default>edit_and_remove_wcm_package_item_actions</default>
                    <constraints/>
                </property>
            </overrides>
            <mandatory-aspects>
                <aspect>bpm:assignees</aspect>
                <aspect>wcmwf:reviewType</aspect>
                <aspect>wcmwf:reviewInfo</aspect>
            </mandatory-aspects>
        </type>
        <type name="wcmwf:submitpendingTask">
            <parent>wcmwf:workflowTask</parent>
            <properties/>
            <associations/>
            <overrides/>
            <mandatory-aspects>
                <aspect>bpm:assignees</aspect>
                <aspect>wcmwf:reviewType</aspect>
                <aspect>wcmwf:reviewInfo</aspect>
                <aspect>wcmwf:submission</aspect>
            </mandatory-aspects>
        </type>
        <type name="wcmwf:submitcancelledTask">
            <parent>wcmwf:workflowTask</parent>
            <properties/>
            <associations/>
            <overrides/>
            <mandatory-aspects>
                <aspect>bpm:assignees</aspect>
                <aspect>wcmwf:reviewType</aspect>
                <aspect>wcmwf:reviewInfo</aspect>
                <aspect>wcmwf:submission</aspect>
            </mandatory-aspects>
        </type>
        <type name="wcmwf:submittedTask">
            <parent>wcmwf:workflowTask</parent>
            <properties/>
            <associations/>
            <overrides>
                <property name="bpm:hiddenTransitions">
                    <mandatory/>
                    <default>onsubmit</default>
                    <constraints/>
                </property>
            </overrides>
            <mandatory-aspects>
                <aspect>bpm:assignees</aspect>
                <aspect>wcmwf:reviewType</aspect>
                <aspect>wcmwf:reviewInfo</aspect>
                <aspect>wcmwf:submission</aspect>
            </mandatory-aspects>
        </type>
        <type name="wcmwf:submittedDirectTask">
            <parent>wcmwf:workflowTask</parent>
            <properties/>
            <associations/>
            <overrides>
                <property name="bpm:hiddenTransitions">
                    <mandatory/>
                    <default>onsubmit</default>
                    <constraints/>
                </property>
            </overrides>
            <mandatory-aspects>
                <aspect>wcmwf:submission</aspect>
            </mandatory-aspects>
        </type>
        <type name="wcmwf:submitfailedTask">
            <parent>wcmwf:workflowTask</parent>
            <properties/>
            <associations/>
            <overrides/>
            <mandatory-aspects>
                <aspect>wcmwf:submission</aspect>
            </mandatory-aspects>
        </type>
        <type name="wcmwf:approvedTask">
            <parent>wcmwf:workflowTask</parent>
            <properties/>
            <associations/>
            <overrides/>
            <mandatory-aspects>
                <aspect>bpm:assignees</aspect>
                <aspect>wcmwf:reviewType</aspect>
                <aspect>wcmwf:reviewInfo</aspect>
            </mandatory-aspects>
        </type>
        <type name="wcmwf:submitWebContentTask">
            <parent>wcmwf:startTask</parent>
            <properties>
                <property name="wcmwf:from">
                    <type>d:text</type>
                    <mandatory>false</mandatory>
                    <index enabled="true"/>
                </property>
            </properties>
            <associations/>
            <overrides/>
            <mandatory-aspects>
                <aspect>bpm:assignee</aspect>
            </mandatory-aspects>
        </type>
        <type name="wcmwf:submitChangeRequestTask">
            <parent>wcmwf:startTask</parent>
            <properties/>
            <associations/>
            <overrides/>
            <mandatory-aspects>
                <aspect>bpm:assignee</aspect>
            </mandatory-aspects>
        </type>
        <type name="wcmwf:changeRequestTask">
            <parent>bpm:workflowTask</parent>
            <properties/>
            <associations/>
            <overrides>
                <property name="bpm:packageActionGroup">
                    <mandatory/>
                    <default/>
                    <constraints/>
                </property>
                <property name="bpm:packageItemActionGroup">
                    <mandatory/>
                    <default>edit_and_delete_wcm_package_item_actions</default>
                    <constraints/>
                </property>
            </overrides>
            <mandatory-aspects>
                <aspect>bpm:assignee</aspect>
            </mandatory-aspects>
        </type>
    </types>
    <aspects>
        <aspect name="wcmwf:webproject">
            <properties/>
            <associations>
                <association name="wcmwf:webproject">
                    <source>
                        <mandatory>false</mandatory>
                        <many>false</many>
                    </source>
                    <target>
                        <class>wca:webfolder</class>
                        <mandatory enforced="false">true</mandatory>
                        <many>false</many>
                    </target>
                </association>
            </associations>
            <overrides/>
            <mandatory-aspects/>
        </aspect>
        <aspect name="wcmwf:submission">
            <properties>
                <property name="wcmwf:fromPath">
                    <title>Source Folder Path</title>
                    <description>Folder where items have been submitted from</description>
                    <type>d:text</type>
                    <mandatory>true</mandatory>
                    <index enabled="true"/>
                </property>
                <property name="wcmwf:label">
                    <title>Snapshot Label</title>
                    <type>d:text</type>
                    <mandatory>true</mandatory>
                    <index enabled="true"/>
                </property>
                <property name="wcmwf:launchDate">
                    <title>Launch Date</title>
                    <description>Date the content in the submission should be committed</description>
                    <type>d:datetime</type>
                    <mandatory>false</mandatory>
                    <index enabled="true">
                        <atomic>true</atomic>
                        <stored>false</stored>
                        <tokenised>BOTH</tokenised>
                    </index>
                </property>
                <property name="wcmwf:validateLinks">
                    <title>Validate Links (Deprecated)</title>
                    <description>Deprecated</description>
                    <type>d:boolean</type>
                    <mandatory>false</mandatory>
                    <index enabled="true"/>
                </property>
                <property name="wcmwf:webapp">
                    <title>Webapp</title>
                    <description>The webapp within the workflow store to check links for</description>
                    <type>d:text</type>
                    <mandatory>false</mandatory>
                    <index enabled="true"/>
                </property>
                <property name="wcmwf:autoDeploy">
                    <title>Auto Deploy</title>
                    <description>Determines whether the changes should be deployed upon submission</description>
                    <type>d:boolean</type>
                    <mandatory>false</mandatory>
                    <index enabled="true"/>
                </property>
            </properties>
            <associations/>
            <overrides/>
            <mandatory-aspects/>
        </aspect>
        <aspect name="wcmwf:reviewType">
            <properties>
                <property name="wcmwf:reviewType">
                    <title>Review Type</title>
                    <type>d:text</type>
                    <mandatory>true</mandatory>
                    <index enabled="true"/>
                    <constraints>
                        <constraint name="wcmwf:workflowmodel_reviewType_reviewType_anon_0" ref="wcmwf:reviewType"/>
                    </constraints>
                </property>
            </properties>
            <associations/>
            <overrides/>
            <mandatory-aspects/>
        </aspect>
        <aspect name="wcmwf:reviewInfo">
            <properties>
                <property name="wcmwf:reviewerCnt">
                    <title>Reviewer Count</title>
                    <type>d:int</type>
                    <mandatory>true</mandatory>
                    <index enabled="true"/>
                </property>
                <property name="wcmwf:approveCnt">
                    <title>Approver Count</title>
                    <type>d:int</type>
                    <mandatory>true</mandatory>
                    <index enabled="true"/>
                </property>
                <property name="wcmwf:reviewCycle">
                    <title>Reviewer Cycle</title>
                    <type>d:int</type>
                    <mandatory>false</mandatory>
                    <index enabled="true"/>
                </property>
            </properties>
            <associations/>
            <overrides/>
            <mandatory-aspects/>
        </aspect>
    </aspects>
</model>