<?xml version="1.0" encoding="UTF-8"?>
<model xmlns="http://www.alfresco.org/model/dictionary/1.0" name="youtube:publishingmodel">
    <description>Alfresco YouTube Publishing Content Model</description>
    <author>Alfresco</author>
    <published>2011-06-15</published>
    <version>1.0</version>
    <imports>
        <import uri="http://www.alfresco.org/model/dictionary/1.0" prefix="d"/>
        <import uri="http://www.alfresco.org/model/system/1.0" prefix="sys"/>
        <import uri="http://www.alfresco.org/model/content/1.0" prefix="cm"/>
        <import uri="http://www.alfresco.org/model/publishing/1.0" prefix="pub"/>
    </imports>
    <namespaces>
        <namespace uri="http://www.alfresco.org/model/publishing/youtube/1.0" prefix="youtube"/>
    </namespaces>
    <data-types/>
    <constraints/>
    <types>
        <type name="youtube:DeliveryChannel">
            <title>YouTube Delivery Channel</title>
            <description>Node type used to represent YouTube delivery channels</description>
            <parent>pub:DeliveryChannel</parent>
            <properties/>
            <associations/>
            <overrides/>
            <mandatory-aspects>
                <aspect>youtube:DeliveryChannelAspect</aspect>
            </mandatory-aspects>
        </type>
    </types>
    <aspects>
        <aspect name="youtube:DeliveryChannelAspect">
            <title>YouTube Delivery Channel</title>
            <description>Applied to a node that represents a YouTube delivery channel</description>
            <parent>pub:UserPasswordDeliveryChannelAspect</parent>
            <properties/>
            <associations/>
            <overrides/>
            <mandatory-aspects/>
        </aspect>
        <aspect name="youtube:AssetAspect">
            <title>YouTube Asset</title>
            <description>Applied to a node that has been published to YouTube</description>
            <parent>pub:AssetAspect</parent>
            <properties/>
            <associations/>
            <overrides/>
            <mandatory-aspects/>
        </aspect>
    </aspects>
</model>